<?xml version="1.0" encoding="UTF-8"?>
<jcr:root xmlns:sling="http://sling.apache.org/jcr/sling/1.0" xmlns:cq="http://www.day.com/jcr/cq/1.0" xmlns:jcr="http://www.jcp.org/jcr/1.0" xmlns:nt="http://www.jcp.org/jcr/nt/1.0"
    jcr:primaryType="cq:Page">
    <jcr:content
        cq:lastModified="{Date}2019-10-27T16:44:32.639-07:00"
        cq:lastModifiedBy="reference-adjustment-service"
        cq:tags="[wknd:customer-journey/attract]"
        cq:template="/conf/wknd/settings/wcm/templates/landing-page-template"
        jcr:description="WKND is a collective of outdoors, music, crafts, adventure sports, and travel enthusiasts that want to share our experiences, connections, and expertise with the world."
        jcr:primaryType="cq:PageContent"
        jcr:title="English"
        sling:resourceType="wknd/components/structure/page"
        pageTitle="English">
        <root
            jcr:primaryType="nt:unstructured"
            sling:resourceType="wcm/foundation/components/responsivegrid">
            <responsivegrid_169559958
                jcr:primaryType="nt:unstructured"
                sling:resourceType="wcm/foundation/components/responsivegrid">
                <carousel
                    cq:styleIds="[1555545421827]"
                    jcr:created="{Date}2019-04-17T15:36:28.849-07:00"
                    jcr:createdBy="admin"
                    jcr:lastModified="{Date}2019-10-18T19:56:02.698-07:00"
                    jcr:lastModifiedBy="admin"
                    jcr:primaryType="nt:unstructured"
                    sling:resourceType="wknd/components/content/carousel"
                    accessibilityLabel="Hero Carousel"
                    autopauseDisabled="false"
                    autoplay="false"
                    delay="5000">
                    <teaser
                        cq:panelTitle="LA Skateparks"
                        cq:styleIds="[1555543212672]"
                        jcr:created="{Date}2019-04-17T15:43:55.322-07:00"
                        jcr:createdBy="admin"
                        jcr:lastModified="{Date}2019-10-18T20:00:24.078-07:00"
                        jcr:lastModifiedBy="admin"
                        jcr:primaryType="nt:unstructured"
                        sling:resourceType="wknd/components/content/teaser"
                        actionsEnabled="true"
                        descriptionFromPage="true"
                        fileReference="/content/dam/wknd/en/magazine/la-skateparks/skateboard-hero.jpg"
                        textIsRich="true"
                        titleFromPage="true">
                        <actions jcr:primaryType="nt:unstructured">
                            <item0
                                jcr:primaryType="nt:unstructured"
                                link="/content/wknd/language-masters/en/magazine/guide-la-skateparks"
                                text="Read More"/>
                        </actions>
                    </teaser>
                    <item_1571453564159
                        cq:panelTitle="Surfing"
                        cq:styleIds="[1555543212672]"
                        jcr:description="&lt;p>Experienced local surf guides will take care of all the logistics and find the best spots for you to experience the best surfing Costa Rica has to offer.&lt;/p>&#xd;&#xa;"
                        jcr:lastModified="{Date}2019-10-18T19:54:20.274-07:00"
                        jcr:lastModifiedBy="admin"
                        jcr:primaryType="nt:unstructured"
                        jcr:title="Surf Camp in Costa Rica"
                        sling:resourceType="wknd/components/content/teaser"
                        actionsEnabled="true"
                        descriptionFromPage="false"
                        fileReference="/content/dam/wknd/en/magazine/san-diego-surf-spots/beach-walking.jpg"
                        textIsRich="true"
                        titleFromPage="false">
                        <actions jcr:primaryType="nt:unstructured">
                            <item0
                                jcr:primaryType="nt:unstructured"
                                link="/content/wknd/language-masters/en/adventures/surf-camp-costa-rica"
                                text="Read More"/>
                        </actions>
                    </item_1571453564159>
                    <item_1571453742228
                        cq:panelTitle="Skiing"
                        cq:styleIds="[1555543212672]"
                        jcr:description="&lt;p>The fjords of norway are bjadi fjis fjaff lorem ipsu solum dolor ipsum.&lt;/p>&#xd;&#xa;"
                        jcr:lastModified="{Date}2019-10-18T19:58:51.931-07:00"
                        jcr:lastModifiedBy="admin"
                        jcr:primaryType="nt:unstructured"
                        jcr:title="Skiitouring Norway"
                        sling:resourceType="wknd/components/content/teaser"
                        actionsEnabled="true"
                        descriptionFromPage="false"
                        fileReference="/content/dam/wknd/en/activities/hiking/hiking-campaign.jpg"
                        textIsRich="true"
                        titleFromPage="false">
                        <actions jcr:primaryType="nt:unstructured">
                            <item0
                                jcr:primaryType="nt:unstructured"
                                link="/content/wknd/language-masters/en/magazine/skiitouring"
                                text="Read More"/>
                        </actions>
                    </item_1571453742228>
                </carousel>
            </responsivegrid_169559958>
            <responsivegrid
                jcr:created="{Date}2019-03-19T13:22:52.385-07:00"
                jcr:createdBy="admin"
                jcr:lastModified="{Date}2019-03-19T13:23:39.376-07:00"
                jcr:lastModifiedBy="admin"
                jcr:primaryType="nt:unstructured"
                sling:resourceType="wcm/foundation/components/responsivegrid">
                <responsivegrid
                    cq:styleIds="[1554340406437]"
                    jcr:created="{Date}2019-04-17T14:31:50.612-07:00"
                    jcr:createdBy="admin"
                    jcr:lastModified="{Date}2019-04-17T14:31:50.612-07:00"
                    jcr:lastModifiedBy="admin"
                    jcr:primaryType="nt:unstructured"
                    sling:resourceType="wcm/foundation/components/responsivegrid">
                    <cq:responsive jcr:primaryType="nt:unstructured"/>
                    <teaser
                        cq:styleIds="[1555539443529]"
                        jcr:created="{Date}2019-10-18T20:00:41.430-07:00"
                        jcr:createdBy="admin"
                        jcr:description="&lt;p>A vibrant red, dusty highway stretches out before us into what seems like infinity, at the far reach of our sights it distorts and shimmers from the afternoon heat, fading into the blue of the horizon.&lt;/p>&#xd;&#xa;"
                        jcr:lastModified="{Date}2019-10-25T14:00:36.074-07:00"
                        jcr:lastModifiedBy="admin"
                        jcr:primaryType="nt:unstructured"
                        jcr:title="Camping in Western Australia"
                        sling:resourceType="wknd/components/content/teaser"
                        actionsEnabled="true"
                        descriptionFromPage="false"
                        fileReference="/content/dam/wknd/en/magazine/western-australia/adobestock_156407519.jpeg"
                        textIsRich="true"
                        titleFromPage="false">
                        <actions jcr:primaryType="nt:unstructured">
                            <item0
                                jcr:primaryType="nt:unstructured"
                                link="/content/wknd/language-masters/en/magazine/western-australia"
                                text="Read More"/>
                        </actions>
                    </teaser>
                    <title
                        cq:styleIds="[1568996484405]"
                        jcr:created="{Date}2019-10-21T10:52:07.675-07:00"
                        jcr:createdBy="admin"
                        jcr:lastModified="{Date}2019-10-21T10:52:21.030-07:00"
                        jcr:lastModifiedBy="admin"
                        jcr:primaryType="nt:unstructured"
                        jcr:title="Recent Articles"
                        sling:resourceType="wknd/components/content/title"
                        type="h2"/>
                    <image_list
                        jcr:created="{Date}2019-10-18T19:42:10.049-07:00"
                        jcr:createdBy="admin"
                        jcr:lastModified="{Date}2019-10-25T17:59:48.145-07:00"
                        jcr:lastModifiedBy="admin"
                        jcr:primaryType="nt:unstructured"
                        sling:resourceType="wknd/components/content/image-list"
                        childDepth="1"
                        listFrom="static"
                        pages="[/content/wknd/language-masters/en/magazine/guide-la-skateparks,/content/wknd/language-masters/en/magazine/skiitouring,/content/wknd/language-masters/en/magazine/arctic-surfing,/content/wknd/language-masters/en/magazine/san-diego-surf]"
                        parentPage="/content/wknd/language-masters/en/magazine"
                        sortOrder="desc"
                        tagsMatch="any"/>
                    <button_copy
                        cq:styleIds="[1570236090914]"
                        jcr:created="{Date}2019-10-25T18:00:29.618-07:00"
                        jcr:createdBy="admin"
                        jcr:lastModified="{Date}2019-10-25T18:02:20.123-07:00"
                        jcr:lastModifiedBy="admin"
                        jcr:primaryType="nt:unstructured"
                        jcr:title="View All"
                        sling:resourceType="wknd/components/content/button"
                        accessibilityLabel="read our articles"
                        link="/content/wknd/language-masters/en/magazine"/>
                    <separator
                        jcr:created="{Date}2019-10-27T16:13:09.680-07:00"
                        jcr:createdBy="admin"
                        jcr:lastModified="{Date}2019-10-27T16:13:09.680-07:00"
                        jcr:lastModifiedBy="admin"
                        jcr:primaryType="nt:unstructured"
                        sling:resourceType="wknd/components/content/separator"/>
                    <title_15771435
                        cq:styleIds="[1568996484405]"
                        jcr:created="{Date}2019-10-21T11:30:37.023-07:00"
                        jcr:createdBy="admin"
                        jcr:lastModified="{Date}2019-10-21T11:30:47.328-07:00"
                        jcr:lastModifiedBy="admin"
                        jcr:primaryType="nt:unstructured"
                        jcr:title="Next Adventures"
                        sling:resourceType="wknd/components/content/title"
                        type="h2"/>
                </responsivegrid>
                <teaser
                    cq:styleIds="[1572035150600]"
                    jcr:created="{Date}2019-10-21T11:31:11.525-07:00"
                    jcr:createdBy="admin"
                    jcr:description="&lt;p>With WKND Adventures, you don't just see the world-- you experience its cultures, flavors and wonders.&lt;/p>&#xd;&#xa;"
                    jcr:lastModified="{Date}2019-10-27T16:12:59.312-07:00"
                    jcr:lastModifiedBy="admin"
                    jcr:primaryType="nt:unstructured"
                    jcr:title="Experience the world with us"
                    sling:resourceType="wknd/components/content/teaser"
                    actionsEnabled="true"
                    descriptionFromPage="true"
                    fileReference="/content/dam/wknd/en/adventures/climbing-new-zealand/AdobeStock_140634652.jpeg"
                    textIsRich="true"
                    titleFromPage="true">
                    <actions jcr:primaryType="nt:unstructured">
                        <item0
                            jcr:primaryType="nt:unstructured"
                            link="/content/wknd/language-masters/en/adventures/climbing-new-zealand"
                            text="See Trip"/>
                    </actions>
                </teaser>
                <responsivegrid_1679842506
                    cq:styleIds="[1554340406437]"
                    jcr:created="{Date}2019-10-21T11:34:41.155-07:00"
                    jcr:createdBy="admin"
                    jcr:lastModified="{Date}2019-10-21T11:34:41.155-07:00"
                    jcr:lastModifiedBy="admin"
                    jcr:primaryType="nt:unstructured"
                    sling:resourceType="wcm/foundation/components/responsivegrid">
                    <cq:responsive jcr:primaryType="nt:unstructured"/>
                    <title
                        jcr:created="{Date}2019-10-21T11:34:50.251-07:00"
                        jcr:createdBy="admin"
                        jcr:lastModified="{Date}2019-10-21T11:35:03.383-07:00"
                        jcr:lastModifiedBy="admin"
                        jcr:primaryType="nt:unstructured"
                        jcr:title="Where do you want to go?"
                        sling:resourceType="wknd/components/content/title"
                        type="h3"/>
                    <image_list
                        jcr:created="{Date}2019-10-21T11:36:26.114-07:00"
                        jcr:createdBy="admin"
                        jcr:lastModified="{Date}2019-10-25T18:00:14.772-07:00"
                        jcr:lastModifiedBy="admin"
                        jcr:primaryType="nt:unstructured"
                        sling:resourceType="wknd/components/content/image-list"
                        childDepth="1"
                        listFrom="children"
                        maxItems="4"
                        orderBy="title"
                        parentPage="/content/wknd/language-masters/en/adventures"
                        sortOrder="desc"
                        tagsMatch="any"/>
                    <button
                        cq:styleIds="[1570236090914]"
                        jcr:created="{Date}2019-10-25T18:00:29.618-07:00"
                        jcr:createdBy="admin"
                        jcr:lastModified="{Date}2019-10-25T18:01:42.735-07:00"
                        jcr:lastModifiedBy="admin"
                        jcr:primaryType="nt:unstructured"
                        jcr:title="Explore All"
                        sling:resourceType="wknd/components/content/button"
                        accessibilityLabel="explore our adventures"
                        link="/content/wknd/language-masters/en/adventures"/>
                    <separator
                        jcr:created="{Date}2019-10-21T11:37:59.604-07:00"
                        jcr:createdBy="admin"
                        jcr:lastModified="{Date}2019-10-21T11:37:59.604-07:00"
                        jcr:lastModifiedBy="admin"
                        jcr:primaryType="nt:unstructured"
                        sling:resourceType="wknd/components/content/separator"/>
                </responsivegrid_1679842506>
            </responsivegrid>
            <responsivegrid_933431667 jcr:primaryType="nt:unstructured">
                <carousel
                    cq:styleIds="[1555545421827]"
                    jcr:created="{Date}2019-10-24T14:45:16.689-07:00"
                    jcr:createdBy="admin"
                    jcr:lastModified="{Date}2019-10-25T17:30:19.860-07:00"
                    jcr:lastModifiedBy="admin"
                    jcr:primaryType="nt:unstructured"
                    sling:resourceType="wknd/components/content/carousel"
                    autopauseDisabled="false"
                    autoplay="false"
                    delay="5000">
                    <item_1571954853062
                        cq:panelTitle="Climbing New Zealand"
                        cq:styleIds="[1555543212672]"
                        jcr:description="&lt;p>With WKND Adventures, you don't just see the world you experinec eit aldkjfa sflkjasfasf.&lt;/p>&#xd;&#xa;"
                        jcr:lastModified="{Date}2019-10-27T16:01:12.398-07:00"
                        jcr:lastModifiedBy="admin"
                        jcr:primaryType="nt:unstructured"
                        jcr:title="WKND Adventures"
                        sling:resourceType="wknd/components/content/teaser"
                        actionsEnabled="true"
                        descriptionFromPage="true"
                        fileReference="/content/dam/wknd/en/adventures/riverside-camping-australia/AdobeStock_216674449.jpeg"
                        textIsRich="true"
                        titleFromPage="false">
                        <actions jcr:primaryType="nt:unstructured">
                            <item0
                                jcr:primaryType="nt:unstructured"
                                link="/content/wknd/language-masters/en/adventures"
                                text="View Trips"/>
                        </actions>
                    </item_1571954853062>
                    <item_1572035298405
                        cq:panelTitle="San Diego Surf Spots"
                        cq:styleIds="[1555543212672]"
                        jcr:lastModified="{Date}2019-10-25T17:34:36.667-07:00"
                        jcr:lastModifiedBy="admin"
                        jcr:primaryType="nt:unstructured"
                        sling:resourceType="wknd/components/content/teaser"
                        actionsEnabled="true"
                        descriptionFromPage="true"
                        fileReference="/content/dam/wknd/en/magazine/san-diego-surf-spots/beach-walking.jpg"
                        textIsRich="true"
                        titleFromPage="true">
                        <actions jcr:primaryType="nt:unstructured">
                            <item0
                                jcr:primaryType="nt:unstructured"
                                link="/content/wknd/language-masters/en/magazine/san-diego-surf"
                                text="Read More"/>
                        </actions>
                    </item_1572035298405>
                    <teaser
                        cq:panelTitle="Skate Parks"
                        cq:styleIds="[1555543212672]"
                        jcr:created="{Date}2019-10-24T14:45:29.211-07:00"
                        jcr:createdBy="admin"
                        jcr:description="&lt;p>A skiers paradise far from crowds and close to nature with terrain so vast it appears uncharted.&lt;/p>&#xd;&#xa;"
                        jcr:lastModified="{Date}2019-10-27T16:10:41.414-07:00"
                        jcr:lastModifiedBy="admin"
                        jcr:primaryType="nt:unstructured"
                        sling:resourceType="wknd/components/content/teaser"
                        actionsEnabled="true"
                        descriptionFromPage="false"
                        fileReference="/content/dam/wknd/en/adventures/downhill-skiing-wyoming/AdobeStock_185234795.jpeg"
                        textIsRich="true"
                        titleFromPage="true">
                        <actions jcr:primaryType="nt:unstructured">
                            <item0
                                jcr:primaryType="nt:unstructured"
                                link="/content/wknd/language-masters/en/adventures/downhill-skiing-wyoming"
                                text="Read More"/>
                        </actions>
                    </teaser>
                </carousel>
            </responsivegrid_933431667>
        </root>
    </jcr:content>
    <magazine/>
    <adventures/>
    <faqs/>
    <about-us/>
</jcr:root>
